{
	"getPurchaseOrderV2Response": {
		"e1MessageList": "",
		"showPurchaseOrder": {
			"header": {
				"activityReasonCode": "",
				"adjustmentScheduleCode": "",
				"amountGross": "1000.00",
				"amountOpen": "0",
				"approvedRoutingBy": "",
				"businessUnit": "100",
				"conditionsOfTransportCode": "",
				"container": "",
				"currencyCodeBase": "",
				"currencyCodeFrom": "USD",
				"currencyModeCode": "D",
				"dates": {
					"datePriceEffective": "2017-07-06T00:00:00Z",
					"datePromisedOriginal": "2017-07-06T00:00:00Z",
					"dateRequested": "2017-07-06T00:00:00Z",
					"dateScheduledPick": "2017-07-06T00:00:00Z",
					"dateTransaction": "2017-07-06T00:00:00Z"
				},
				"deliveryInstruction1": "",
				"deliveryInstruction2": "",
				"description1": "",
				"detail": {
					"adjustmentScheduleCode": "",
					"amountOnHoldDomestic": "0",
					"amountOnHoldForeign": "0",
					"amountOpenDomestic": "1000.00",
					"amountOpenForeign": "0",
					"amountReceivedDomestic": "0",
					"amountReceivedForeign": "0",
					"amountRelievedDomestic": "0",
					"amountTaxForeign": "0",
					"approvedRoutingBy": "",
					"businessUnit": "100",
					"catalogName": "",
					"categoryCodeWorkOrder": "",
					"century": "20",
					"commodityClassCode": "",
					"commodityClassCode2": "UNKNOWN",
					"commodityUnmaskedCode": "",
					"componentId": "0",
					"componentLineNumber": "0.0",
					"conditionsOfTransportCode": "",
					"container": "",
					"costMethodPurchasing": "0.0000",
					"costUnitPurchasingDomestic": "100.0000",
					"costUnitPurchasingForeign": "0.0000",
					"currencyCodeFrom": "USD",
					"datesDetail": {
						"dateAccounting": "2017-07-06T00:00:00Z",
						"dateLotEffective": "2017-07-06T00:00:00Z",
						"datePriceEffective": "2017-07-06T00:00:00Z",
						"datePromisedOriginal": "2017-07-06T00:00:00Z",
						"dateRequested": "2017-07-06T00:00:00Z",
						"dateScheduledPick": "2017-07-06T00:00:00Z",
						"dateTransaction": "2017-07-06T00:00:00Z"
					},
					"description1": "IT Maint & Repair",
					"description2": "",
					"discountFactor": "0.0000",
					"entityIdBuyer": "0",
					"entityIdCarrier": "0",
					"entityIdMarkFor": "0",
					"entityIdShipTo": "100",
					"entityIdSupplier": "2180588",
					"freightHandlingCode": "F",
					"freightRateCode": "",
					"freightRateType": "",
					"glAccount": {
						"businessUnit": "1009003946",
						"objectAccount": "72720",
						"subsidiary": ""
					},
					"glClassCode": "9999",
					"grossWeight": "0.0000",
					"isFreightCalculated": "false",
					"item": {
						"itemCatalog": "",
						"itemId": "0",
						"itemProduct": ""
					},
					"itemPriceGroupCode": "",
					"landedCostRule": "",
					"ledgerTypeCode": "",
					"lineTypeCode": "J",
					"loadNumber": "0",
					"location": "",
					"lotNumber": "",
					"modeOfTransportCode": "",
					"orderLineStatus": "",
					"orderLineUniqueKey": "0",
					"originalOrderLineKey": {
						"documentCompany": "",
						"documentLineNumber": "0.000",
						"documentNumber": "",
						"documentSuffix": "",
						"documentTypeCode": ""
					},
					"overridePriceCode": "1",
					"paymentTermsCode": "N45",
					"priceCategoryLevel": "",
					"priceExtendedDomestic": "1000.00",
					"priceExtendedForeign": "0",
					"printMessageCode": "",
					"promotionId": "",
					"purchaseOrderLineKey": {
						"documentLineNumber": "1.000",
						"documentSuffix": "000"
					},
					"purgeCode": "",
					"quantity": {
						"quantityChanged": "0.0000",
						"quantityCumulative": "0.0000",
						"quantityOpen": "10.0000",
						"quantityOrdered": "10.0000",
						"quantityOrderedPrimary": "10.0000",
						"quantityOrderedSecondary": "10.0000",
						"quantityReceived": "0.0000",
						"quantityRelieved": "0.0000"
					},
					"reasonCode": "",
					"reference": "",
					"relatedOrderLineKey": {
						"documentCompany": "",
						"documentLineNumber": "0.000",
						"documentNumber": "",
						"documentSuffix": "",
						"documentTypeCode": ""
					},
					"reportingCodesPurchasing": {
						"purchasingReportCode001": "",
						"purchasingReportCode002": "",
						"purchasingReportCode003": "",
						"purchasingReportCode004": ""
					},
					"ruleRetainage": "",
					"serialNumber": "",
					"shiftScheduledCode": "",
					"shipToGLN": "",
					"shippingConditionCode": "",
					"statusCodeLast": "220",
					"statusCodeNext": "230",
					"statusLocationTaxCode": "",
					"subledger": {
						"subledger": "",
						"subledgerTypeCode": ""
					},
					"supplierGLN": "",
					"taxRateAreaCode": "",
					"taxableCode": "Y",
					"timeChange": "0",
					"timeScheduled": "0",
					"transactionNature": "",
					"unitOfMeasureCodePrimary": "EA",
					"unitOfMeasureCodePurchasing": "EA",
					"unitOfMeasureCodeSecondary": "EA",
					"unitOfMeasureCodeTransaction": "EA",
					"unitOfMeasureCodeVolume": "",
					"unitOfMeasureCodeWeight": "",
					"unitVolume": "0.0000",
					"unitWeight": "0.0000",
					"userReservedData": {
						"userReservedAmount": "0",
						"userReservedCode": "",
						"userReservedNumber": "0",
						"userReservedReference": ""
					},
					"yearCode": "17",
					"zoneNumber": ""
				},
				"entityIdBuyer": "0",
				"entityIdCarrier": "0",
				"entityIdMarkfor": "0",
				"entityIdShipTo": "100",
				"entityIdSupplier": "2180588",
				"freightHandlingCode": "F",
				"holdCode": "",
				"isQuantityPosted": "true",
				"itemPriceGroupCode": "",
				"languageCode": "",
				"logicControl": "",
				"modeOfTransportCode": "",
				"nameRemark": "TESTING",
				"numberOfInvoices": "0",
				"orderTakenBy": "",
				"orderedBy": "GDUNN1",
				"paymentTermsCode": "N45",
				"percentRetainage": "0.000",
				"printMessageCode": "",
				"processingModeCode": "",
				"purchaseOrderShowKey": {
					"documentCompany": "00100",
					"documentNumber": "3361595",
					"documentSuffix": "000",
					"documentTypeCode": "OP"
				},
				"purgeCode": "",
				"rateExchangeOverride": "0E-7",
				"retainageRule": "",
				"sendMethodCode": "",
				"shipToGLN": "",
				"statusOrderCode": "",
				"supplierGLN": "",
				"taxExemptCertificate": "",
				"taxExplanationCode": "",
				"taxRateAreaCode": "",
				"timePromisedDelivery": "0",
				"timePromisedShip": "0",
				"transactionNature": "",
				"typeMatch": "",
				"unitOfMeasureCodeVolume": "",
				"unitOfMeasureCodeWeight": "",
				"userReservedData": {
					"userReservedAmount": "0",
					"userReservedCode": "",
					"userReservedNumber": "0",
					"userReservedReference": ""
				},
				"voucherCode": "N",
				"zoneNumber": ""
			}
		}
	}
}